id,first_name,last_name,email,gender,ip_address
1,Mannie,Jore,mjore0@blinklist.com,Male,10.84.146.66
2,Malinda,Scrimshire,mscrimshire1@timesonline.co.uk,Female,242.178.175.230
3,Shauna,Getley,sgetley2@earthlink.net,Female,229.155.134.243
4,Pippy,Pavia,ppavia3@canalblog.com,Female,69.245.80.181
5,Alonso,Mc Gaughey,amcgaughey4@google.pl,Male,114.242.241.191
6,Masha,Stammler,mstammler5@xinhuanet.com,Female,40.202.105.182
7,Willie,Mintrim,wmintrim6@vkontakte.ru,Female,98.185.179.156
8,Winslow,Biaggioni,wbiaggioni7@bloglovin.com,Male,13.164.120.244
9,Luciano,Ince,lince8@bravesites.com,Polygender,4.87.19.203
10,Ginger,Scanterbury,gscanterbury9@irs.gov,Male,83.19.134.71
11,Cornela,Renahan,crenahana@bizjournals.com,Female,37.228.253.253
12,Tamas,Jerche,tjercheb@google.es,Non-binary,208.54.97.236
13,Nate,Coulthart,ncoulthartc@japanpost.jp,Male,153.139.28.236
14,Sollie,Snassell,ssnasselld@washingtonpost.com,Male,163.173.74.65
15,Webb,Juza,wjuzae@google.es,Male,212.54.87.50
16,Hatty,Cousin,hcousinf@yahoo.co.jp,Female,150.72.155.103
17,Sherwood,Reape,sreapeg@bandcamp.com,Male,171.183.95.158
18,Dallis,Phizaclea,dphizacleah@google.ru,Male,185.45.120.4
19,Wayland,Deane,wdeanei@about.com,Male,45.219.86.70
20,Evanne,Dowzell,edowzellj@addthis.com,Female,118.217.207.19
21,Ripley,Greenin,rgreenink@virginia.edu,Male,134.235.108.198
22,Sile,O'Longain,solongainl@seesaa.net,Female,214.210.94.73
23,Lonnie,Rawlyns,lrawlynsm@bandcamp.com,Female,180.10.3.172
24,Tito,Hlavecek,thlavecekn@apple.com,Agender,134.57.50.228
25,Friedrick,Hardern,fharderno@joomla.org,Polygender,111.237.59.141
26,Valentia,Elstub,velstubp@sitemeter.com,Female,4.19.60.12
27,Jessalin,Di Biagio,jdibiagioq@twitpic.com,Female,245.121.199.2
28,Valery,Langdridge,vlangdridger@sina.com.cn,Agender,50.219.248.162
29,Penelope,Meatcher,pmeatchers@dailymotion.com,Female,252.146.92.216
30,Jermaine,Keast,jkeastt@ihg.com,Male,254.234.201.54
31,Marchall,Fletcher,mfletcheru@feedburner.com,Male,117.80.10.176
32,Orton,Pierpoint,opierpointv@friendfeed.com,Male,254.30.84.53
33,Jesus,Pirrone,jpirronew@harvard.edu,Male,185.20.153.135
34,Ginnifer,Wims,gwimsx@bing.com,Female,117.157.9.196
35,Cara,Rackam,crackamy@mtv.com,Female,42.48.204.106
36,Noni,Bringloe,nbringloez@slashdot.org,Genderfluid,0.192.191.160
37,Kaine,Colam,kcolam10@github.io,Male,146.91.76.28
38,Vinita,St. Clair,vstclair11@nature.com,Female,23.160.63.1
39,Nowell,Renvoise,nrenvoise12@tuttocitta.it,Male,238.68.151.145
40,Britt,France,bfrance13@cocolog-nifty.com,Male,223.1.60.195
41,Godart,Rosina,grosina14@jugem.jp,Male,23.185.175.88
42,Tallou,Izzatt,tizzatt15@blinklist.com,Female,11.238.244.183
43,Quintana,Lafont,qlafont16@purevolume.com,Female,67.48.75.240
44,Wiatt,Collibear,wcollibear17@baidu.com,Male,131.43.14.48
45,Brianna,Sayers,bsayers18@networkadvertising.org,Female,117.122.13.101
46,Gilles,Denison,gdenison19@wikispaces.com,Male,89.189.199.182
47,Hyacinthia,Thulborn,hthulborn1a@cbslocal.com,Female,121.144.45.74
48,Jane,Hamman,jhamman1b@godaddy.com,Female,28.105.116.248
49,Christophorus,Barclay,cbarclay1c@un.org,Genderqueer,58.17.62.202
50,Darb,Naul,dnaul1d@opera.com,Female,83.55.31.110
51,Petronella,Courtman,pcourtman1e@webs.com,Female,250.96.221.15
52,Bo,Jest,bjest1f@hc360.com,Male,244.27.159.192
53,Marc,Victor,mvictor1g@1und1.de,Male,89.108.145.57
54,Hermie,Creggan,hcreggan1h@scribd.com,Male,205.20.209.13
55,Bev,Ondrousek,bondrousek1i@ft.com,Female,47.94.177.156
56,Addy,Bendig,abendig1j@sina.com.cn,Male,247.207.175.221
57,Marco,Bloxsum,mbloxsum1k@nsw.gov.au,Male,74.197.140.94
58,Vernon,Charette,vcharette1l@cbslocal.com,Male,244.47.139.180
59,Maia,Jardin,mjardin1m@slate.com,Female,239.102.182.114
60,Dael,Hedingham,dhedingham1n@behance.net,Male,196.117.71.64
61,Lorilee,Hurlston,lhurlston1o@github.io,Female,85.218.168.247
62,Ethelbert,Giacomi,egiacomi1p@i2i.jp,Bigender,206.168.176.141
63,Giffy,Falconar,gfalconar1q@yellowpages.com,Bigender,216.195.52.38
64,Mireielle,Lindmark,mlindmark1r@google.de,Female,64.173.221.47
65,Elnore,Aleksandrikin,ealeksandrikin1s@digg.com,Female,89.124.17.202
66,Cleo,Izod,cizod1t@biglobe.ne.jp,Female,5.60.175.97
67,Cathleen,Kermon,ckermon1u@angelfire.com,Female,185.87.166.35
68,Cortney,Handes,chandes1v@reference.com,Female,23.238.140.154
69,Adrianna,Moriarty,amoriarty1w@yandex.ru,Female,98.119.171.17
70,Lowrance,Weddeburn - Scrimgeour,lweddeburnscrimgeour1x@goodreads.com,Male,224.183.37.47
71,Donovan,Etchingham,detchingham1y@dion.ne.jp,Genderqueer,72.123.100.113
72,Ernesta,Korneev,ekorneev1z@joomla.org,Female,193.161.66.26
73,Aubry,Snawden,asnawden20@rakuten.co.jp,Female,72.151.22.27
74,Felipa,Liston,fliston21@loc.gov,Female,198.252.65.38
75,Consalve,Ghilks,cghilks22@huffingtonpost.com,Male,198.65.179.162
76,Shelby,Waterson,swaterson23@hexun.com,Male,139.227.65.19
77,Germana,Kastel,gkastel24@reference.com,Agender,65.15.238.255
78,Mead,Tootal,mtootal25@mapquest.com,Female,177.66.237.97
79,Nikolos,Ezzle,nezzle26@wufoo.com,Male,36.188.207.219
80,Vern,Coltart,vcoltart27@yale.edu,Agender,225.202.209.223
81,Hazlett,Pattinson,hpattinson28@stumbleupon.com,Male,26.253.31.61
82,Timotheus,Dane,tdane29@indiatimes.com,Male,32.50.67.125
83,Bellanca,Pumfrey,bpumfrey2a@sogou.com,Female,243.3.40.94
84,Sherwood,Bugge,sbugge2b@mashable.com,Male,133.5.26.143
85,Ulrika,Cayser,ucayser2c@mozilla.com,Female,90.59.31.60
86,Creighton,Oliphard,coliphard2d@diigo.com,Bigender,233.229.54.218
87,Cecilio,Runcieman,cruncieman2e@free.fr,Male,42.241.234.103
88,Brynne,Lepick,blepick2f@sfgate.com,Genderqueer,157.205.70.12
89,Anatollo,Takis,atakis2g@netlog.com,Male,61.146.253.76
90,Gail,Chooter,gchooter2h@macromedia.com,Female,151.48.194.77
91,Bili,MacIlhagga,bmacilhagga2i@biblegateway.com,Female,125.31.82.164
92,Townie,Redier,tredier2j@un.org,Male,79.26.200.101
93,Josselyn,Radborn,jradborn2k@mozilla.org,Non-binary,72.59.1.200
94,Sara-ann,Goroni,sgoroni2l@prweb.com,Female,150.233.193.184
95,Fraser,Grisley,fgrisley2m@cdc.gov,Male,138.29.14.79
96,Claudina,Whettleton,cwhettleton2n@archive.org,Female,2.22.226.253
97,Siouxie,Oddy,soddy2o@instagram.com,Female,109.193.230.210
98,Cullin,Leaming,cleaming2p@com.com,Male,46.216.55.177
99,Jock,Kauble,jkauble2q@businessweek.com,Male,246.179.231.235
100,Jedidiah,Rothery,jrothery2r@goo.gl,Male,163.193.134.210
101,Alanna,Skein,askein2s@netlog.com,Female,202.24.174.180
102,Urban,Micklem,umicklem2t@bandcamp.com,Male,95.95.167.7
103,Roslyn,Dackombe,rdackombe2u@acquirethisname.com,Female,226.133.192.12
104,Dianne,Dressel,ddressel2v@over-blog.com,Female,226.223.4.85
105,Eliza,Ertel,eertel2w@umn.edu,Female,1.110.207.241
106,Deeann,Fone,dfone2x@bluehost.com,Female,237.226.7.185
107,Nicko,Wyper,nwyper2y@skype.com,Male,167.213.80.141
108,Remington,Cicerone,rcicerone2z@kickstarter.com,Male,137.134.209.164
109,Cletus,Gillan,cgillan30@gnu.org,Male,10.16.83.122
110,Kiley,Graal,kgraal31@opera.com,Male,151.25.169.105
111,Alvira,Tomicki,atomicki32@deliciousdays.com,Female,218.13.216.220
112,Dulcine,Cayet,dcayet33@sciencedirect.com,Female,138.204.247.10
113,Forster,Blyth,fblyth34@is.gd,Male,156.198.5.243
114,Evelyn,Pourvoieur,epourvoieur35@blinklist.com,Agender,46.179.172.199
115,Lonnie,Rumsby,lrumsby36@yellowbook.com,Female,209.16.109.240
116,Tory,Cockill,tcockill37@webeden.co.uk,Female,36.126.171.102
117,Marilyn,Driffe,mdriffe38@tripadvisor.com,Female,192.206.92.168
118,Jaynell,Sedworth,jsedworth39@sourceforge.net,Female,236.250.86.149
119,Web,Ruslin,wruslin3a@freewebs.com,Male,104.249.205.228
120,Casey,Egger,cegger3b@youku.com,Male,108.95.110.218
121,Marlow,Keoghan,mkeoghan3c@exblog.jp,Male,247.227.23.190
122,Darlene,Center,dcenter3d@amazon.co.jp,Female,47.68.142.180
123,Mitchael,Sinnett,msinnett3e@opensource.org,Male,77.91.181.82
124,Arluene,Cleve,acleve3f@chronoengine.com,Female,195.83.206.218
125,Jocelin,Tufts,jtufts3g@lulu.com,Female,28.15.108.120
126,Erminia,Lavalle,elavalle3h@sakura.ne.jp,Female,96.209.154.224
127,Frasier,Matzen,fmatzen3i@angelfire.com,Male,88.130.128.192
128,Zachery,Bickell,zbickell3j@google.es,Agender,224.107.18.118
129,Josefina,Janes,jjanes3k@patch.com,Female,77.226.163.81
130,Elmira,Spink,espink3l@aol.com,Female,138.93.31.215
131,Janelle,Beaman,jbeaman3m@noaa.gov,Female,193.109.10.120
132,Edie,Jacobsz,ejacobsz3n@sina.com.cn,Polygender,4.219.163.137
133,Willette,Freeburn,wfreeburn3o@nhs.uk,Female,116.212.39.79
134,Vassily,Garvagh,vgarvagh3p@example.com,Male,169.250.190.21
135,Renelle,McConway,rmcconway3q@nature.com,Female,39.236.95.36
136,Giffer,Gasker,ggasker3r@yahoo.co.jp,Male,228.235.224.120
137,Viva,Goodison,vgoodison3s@marketwatch.com,Female,149.40.209.78
138,Beauregard,Wickersley,bwickersley3t@studiopress.com,Male,44.64.177.98
139,Steven,Mushart,smushart3u@ebay.co.uk,Male,137.12.201.94
140,Alon,Kenshole,akenshole3v@google.es,Male,242.162.216.253
141,Nevile,Milkin,nmilkin3w@samsung.com,Male,88.18.111.104
142,Hersh,Roberds,hroberds3x@cam.ac.uk,Non-binary,136.68.192.188
143,Eziechiele,Hinz,ehinz3y@youtu.be,Male,141.204.132.200
144,Shurlocke,Isacq,sisacq3z@walmart.com,Male,173.235.192.86
145,Clayson,Strivens,cstrivens40@sciencedaily.com,Male,151.161.174.244
146,Roderigo,Climer,rclimer41@berkeley.edu,Male,253.213.8.55
147,Alvis,Broad,abroad42@usatoday.com,Male,65.35.221.85
148,Gerek,Juara,gjuara43@multiply.com,Male,12.167.125.223
149,Dallis,Arnall,darnall44@homestead.com,Male,154.79.239.217
150,Danella,Penney,dpenney45@posterous.com,Female,50.30.126.142
151,Elvis,Danelutti,edanelutti46@dmoz.org,Male,187.102.18.245
152,Kippy,Reedie,kreedie47@imdb.com,Male,197.128.198.65
153,Law,McKniely,lmckniely48@bing.com,Male,168.96.17.186
154,Monty,Apedaile,mapedaile49@smugmug.com,Male,5.237.80.40
155,Lucais,Ciepluch,lciepluch4a@weebly.com,Male,220.9.236.180
156,Ambrosius,Smedmoor,asmedmoor4b@privacy.gov.au,Male,155.23.76.42
157,Stan,Whyatt,swhyatt4c@bigcartel.com,Male,224.172.255.149
158,Joey,Maryet,jmaryet4d@wordpress.org,Female,191.49.164.203
159,Germaine,Marusic,gmarusic4e@imgur.com,Female,9.60.1.154
160,Oneida,Dumbreck,odumbreck4f@unesco.org,Female,67.112.88.243
161,Lorene,Kyme,lkyme4g@phpbb.com,Female,103.42.13.51
162,Kingsly,Jewers,kjewers4h@ning.com,Male,177.82.245.216
163,Chip,Pigne,cpigne4i@nba.com,Male,154.108.175.96
164,Rea,Dade,rdade4j@biglobe.ne.jp,Female,70.86.214.90
165,Theo,Heading,theading4k@dagondesign.com,Genderqueer,230.248.106.24
166,Ferdinand,Atcock,fatcock4l@e-recht24.de,Male,73.151.238.197
167,Jesse,Yakunin,jyakunin4m@epa.gov,Female,18.29.18.226
168,Gray,Stirley,gstirley4n@about.me,Polygender,88.11.46.133
169,Hilary,Crocombe,hcrocombe4o@stanford.edu,Genderqueer,201.151.7.156
170,Baxy,Everington,beverington4p@eepurl.com,Male,12.28.175.67
171,Chase,Martin,cmartin4q@jimdo.com,Non-binary,220.178.170.123
172,Daniel,Bungey,dbungey4r@state.gov,Male,12.18.143.246
173,Cam,Kinsey,ckinsey4s@flavors.me,Female,56.243.130.31
174,Lannie,Groombridge,lgroombridge4t@rambler.ru,Male,76.246.110.77
175,Pru,Hackney,phackney4u@earthlink.net,Female,26.124.97.136
176,Zara,Bourthoumieux,zbourthoumieux4v@yahoo.com,Female,22.112.194.46
177,Laure,Westover,lwestover4w@blogtalkradio.com,Female,96.202.104.179
178,Lothaire,Bresnen,lbresnen4x@reddit.com,Male,203.101.44.168
179,Barb,Buckby,bbuckby4y@yale.edu,Female,147.117.132.151
180,Alphonso,Impy,aimpy4z@youtu.be,Male,233.212.10.239
181,Reagen,Guess,rguess50@github.com,Male,62.91.73.119
182,Claresta,Longworth,clongworth51@etsy.com,Female,174.185.103.155
183,Mureil,Gelardi,mgelardi52@whitehouse.gov,Female,57.170.240.153
184,Giffard,Devonshire,gdevonshire53@home.pl,Male,10.49.89.83
185,Portia,Goldsby,pgoldsby54@dmoz.org,Female,108.73.234.154
186,Glen,Kleinmintz,gkleinmintz55@apache.org,Genderqueer,168.130.223.89
187,Thebault,Sempill,tsempill56@dailymail.co.uk,Male,5.11.210.36
188,Yurik,Cosby,ycosby57@miitbeian.gov.cn,Male,104.156.195.28
189,Cassey,Garment,cgarment58@fema.gov,Female,170.236.231.95
190,Eve,Dovermann,edovermann59@slate.com,Female,63.133.15.20
191,Cleo,Mitham,cmitham5a@umich.edu,Female,215.186.197.28
192,Michele,Bastard,mbastard5b@icio.us,Male,109.197.61.54
193,Tedmund,Bennell,tbennell5c@prnewswire.com,Male,41.132.72.137
194,Burr,Swaysland,bswaysland5d@home.pl,Agender,101.10.189.131
195,Barn,Rapley,brapley5e@blogtalkradio.com,Male,134.70.30.250
196,Brendin,Treace,btreace5f@sciencedaily.com,Male,117.33.86.210
197,Huberto,Hamlyn,hhamlyn5g@privacy.gov.au,Male,206.244.239.50
198,Cody,Delph,cdelph5h@arstechnica.com,Female,220.89.137.21
199,Marje,Balfour,mbalfour5i@ted.com,Female,96.18.195.210
200,Vasily,Daughton,vdaughton5j@myspace.com,Male,205.15.165.221
201,Portia,Peterken,ppeterken5k@discovery.com,Female,15.32.90.22
202,Caren,Lackington,clackington5l@shop-pro.jp,Female,117.110.71.118
203,Halley,Romeril,hromeril5m@list-manage.com,Female,56.158.23.204
204,Shauna,Peasee,speasee5n@webs.com,Female,145.163.183.12
205,Marchelle,Lethem,mlethem5o@goo.gl,Female,198.150.4.149
206,Trent,Maunsell,tmaunsell5p@google.ca,Male,240.144.59.165
207,Marlyn,Keggins,mkeggins5q@elpais.com,Genderfluid,255.254.170.51
208,Heidie,Coy,hcoy5r@army.mil,Female,117.68.33.59
209,Corabel,Keddie,ckeddie5s@mozilla.com,Female,40.177.174.253
210,Goldie,Sowersby,gsowersby5t@moonfruit.com,Female,162.238.144.149
211,Bernetta,Padly,bpadly5u@dion.ne.jp,Female,53.65.39.13
212,Pippa,Teodoro,pteodoro5v@illinois.edu,Female,209.27.232.9
213,Tamma,Chicchelli,tchicchelli5w@delicious.com,Female,183.149.104.96
214,Ronnie,Ludlem,rludlem5x@apple.com,Male,19.141.94.245
215,Arther,Seeley,aseeley5y@skyrock.com,Male,46.175.123.216
216,Sorcha,Vasilechko,svasilechko5z@nature.com,Female,160.17.202.49
217,Benedetto,Garry,bgarry60@fc2.com,Male,83.20.183.171
218,Cherin,Thrussell,cthrussell61@hexun.com,Female,246.224.243.138
219,Belvia,Baudino,bbaudino62@cnbc.com,Female,234.41.250.168
220,Sibel,Gres,sgres63@hubpages.com,Female,27.77.187.211
221,Nikoletta,Sugge,nsugge64@sina.com.cn,Female,123.144.156.41
222,Cointon,Crunden,ccrunden65@friendfeed.com,Male,4.22.123.7
223,Stefan,Pareman,spareman66@google.ru,Male,49.239.183.184
224,Tod,Reoch,treoch67@xing.com,Male,198.171.164.130
225,Dee dee,Abrahamsohn,dabrahamsohn68@irs.gov,Non-binary,225.167.72.42
226,Maighdiln,Brunesco,mbrunesco69@macromedia.com,Female,125.132.137.210
227,Allayne,Dudley,adudley6a@sitemeter.com,Male,96.67.151.132
228,Krishnah,Brandone,kbrandone6b@studiopress.com,Male,132.201.222.219
229,Sayre,Bullcock,sbullcock6c@hatena.ne.jp,Male,121.245.219.134
230,Dimitri,Ebbitt,debbitt6d@hubpages.com,Male,14.93.164.4
231,Skelly,Hovenden,shovenden6e@weibo.com,Male,73.226.44.83
232,Merry,Smellie,msmellie6f@ca.gov,Male,246.62.15.6
233,Audie,Mc Cahey,amccahey6g@loc.gov,Female,210.55.35.15
234,Merv,Cremins,mcremins6h@shop-pro.jp,Male,156.1.178.150
235,Zaneta,Kornyshev,zkornyshev6i@upenn.edu,Female,125.227.85.43
236,Mac,Golley,mgolley6j@archive.org,Male,146.179.103.62
237,Karly,Gumly,kgumly6k@google.nl,Female,37.245.99.102
238,Heindrick,Gaskins,hgaskins6l@deliciousdays.com,Male,100.191.45.38
239,Laverna,Teasell,lteasell6m@columbia.edu,Female,171.79.203.121
240,Johannes,Floris,jfloris6n@redcross.org,Male,190.181.122.84
241,Adolf,Bruggen,abruggen6o@w3.org,Male,186.29.16.235
242,Rhiamon,Bowland,rbowland6p@diigo.com,Female,69.247.252.186
243,Trudy,Petit,tpetit6q@sakura.ne.jp,Female,163.90.104.22
244,Edythe,O'Collopy,eocollopy6r@cpanel.net,Female,6.177.146.227
245,Loleta,Spendlove,lspendlove6s@yahoo.co.jp,Female,211.55.50.145
246,Saxon,Jubert,sjubert6t@mediafire.com,Male,146.1.155.76
247,Nicola,Barry,nbarry6u@qq.com,Female,205.153.246.184
248,Lurette,Le Jean,llejean6v@usatoday.com,Female,211.60.203.44
249,Walden,Laughlan,wlaughlan6w@artisteer.com,Male,126.110.224.179
250,Shelba,Dingwall,sdingwall6x@mashable.com,Genderqueer,234.98.159.41
251,Edwin,Tigwell,etigwell6y@blogspot.com,Male,192.87.30.34
252,Chevalier,Obell,cobell6z@unblog.fr,Male,73.133.87.160
253,Conant,Bottomley,cbottomley70@timesonline.co.uk,Male,45.237.93.37
254,Preston,Wayper,pwayper71@telegraph.co.uk,Male,99.82.198.97
255,Marice,Upham,mupham72@mozilla.com,Genderfluid,37.76.37.58
256,Berte,Le Fevre,blefevre73@ning.com,Female,233.123.206.199
257,Jayson,Bravery,jbravery74@trellian.com,Male,171.99.122.132
258,Wilow,Desport,wdesport75@pinterest.com,Female,233.137.55.243
259,Vinita,Rabidge,vrabidge76@fc2.com,Female,6.71.185.158
260,Darlleen,Ruslen,druslen77@multiply.com,Female,18.18.56.17
261,Nata,Heild,nheild78@businessinsider.com,Female,86.42.1.134
262,Brigida,Guerreru,bguerreru79@networksolutions.com,Female,242.176.45.37
263,Daniel,Houndsom,dhoundsom7a@ustream.tv,Male,128.171.42.111
264,Betta,Scholtz,bscholtz7b@unc.edu,Female,212.103.96.211
265,Sal,Winstanley,swinstanley7c@google.fr,Non-binary,216.140.9.156
266,Lief,Reisen,lreisen7d@altervista.org,Male,30.149.90.151
267,Sidney,Pinnock,spinnock7e@geocities.jp,Male,63.147.248.164
268,Marion,Aurelius,maurelius7f@acquirethisname.com,Male,96.245.53.130
269,Jsandye,Sammonds,jsammonds7g@e-recht24.de,Agender,119.33.227.113
270,Paloma,Slany,pslany7h@go.com,Female,217.178.226.18
271,Markos,Faircliffe,mfaircliffe7i@topsy.com,Male,41.148.189.0
272,Merv,Judkin,mjudkin7j@reddit.com,Male,182.79.192.198
273,Pail,Disdel,pdisdel7k@hc360.com,Male,172.135.148.234
274,Abran,Dignon,adignon7l@drupal.org,Male,39.172.110.174
275,Kayne,Congdon,kcongdon7m@instagram.com,Male,23.170.167.16
276,Diane,Skeels,dskeels7n@mashable.com,Female,209.164.118.17
277,Reilly,Mitchell,rmitchell7o@joomla.org,Male,206.142.192.73
278,Meade,Frissell,mfrissell7p@devhub.com,Male,22.218.128.197
279,Prissie,Peirpoint,ppeirpoint7q@oracle.com,Genderqueer,31.96.90.67
280,Amory,Morot,amorot7r@fc2.com,Polygender,205.37.242.212
281,Lauretta,Laverock,llaverock7s@wikispaces.com,Female,130.73.91.206
282,Vick,Fabler,vfabler7t@springer.com,Male,62.154.97.67
283,Rickie,Braidman,rbraidman7u@thetimes.co.uk,Male,138.136.71.251
284,Nolly,Burston,nburston7v@yolasite.com,Male,142.24.47.64
285,Hyatt,Bevir,hbevir7w@trellian.com,Male,194.200.201.239
286,Palmer,Hoodspeth,phoodspeth7x@cnbc.com,Male,161.194.132.104
287,Helene,Quinet,hquinet7y@netscape.com,Female,244.110.26.106
288,Seth,Corteis,scorteis7z@utexas.edu,Male,244.42.255.214
289,Claire,Huie,chuie80@t-online.de,Female,245.140.45.146
290,Nicolis,McUre,nmcure81@odnoklassniki.ru,Male,153.228.122.12
291,Burl,Otham,botham82@aol.com,Male,122.49.198.236
292,Kelwin,Attwool,kattwool83@jigsy.com,Polygender,148.113.92.133
293,Hobard,Godding,hgodding84@cpanel.net,Male,10.55.103.146
294,Annabelle,Van der Kruys,avanderkruys85@forbes.com,Female,166.80.129.179
295,Annmarie,Whitnell,awhitnell86@unc.edu,Female,58.207.105.49
296,Bianca,Bowker,bbowker87@php.net,Bigender,220.181.225.212
297,Jeannette,Houndsom,jhoundsom88@surveymonkey.com,Female,40.112.87.181
298,Wendel,Foort,wfoort89@xinhuanet.com,Male,139.175.11.231
299,Delinda,Hallwell,dhallwell8a@zimbio.com,Female,103.155.20.134
300,Phineas,Lambert,plambert8b@google.com.br,Male,20.183.205.148
301,Eleanor,Toffanelli,etoffanelli8c@technorati.com,Female,70.238.62.206
302,Anissa,Cavanaugh,acavanaugh8d@seattletimes.com,Female,6.113.64.190
303,Arielle,Gherardelli,agherardelli8e@nbcnews.com,Female,60.31.123.153
304,Katie,Revans,krevans8f@g.co,Female,196.34.46.70
305,Irvin,Wallege,iwallege8g@vkontakte.ru,Agender,233.160.222.111
306,Nikolaos,Botright,nbotright8h@go.com,Male,121.38.171.159
307,Tedmund,Fitzmaurice,tfitzmaurice8i@virginia.edu,Genderqueer,109.180.221.226
308,Oby,Simons,osimons8j@nationalgeographic.com,Male,86.125.124.216
309,Libbi,Lyver,llyver8k@mit.edu,Female,19.139.172.39
310,Leanora,Collison,lcollison8l@bravesites.com,Female,213.142.65.230
311,Yvor,McCollum,ymccollum8m@networkadvertising.org,Male,147.10.78.249
312,Irving,Gumme,igumme8n@webmd.com,Male,62.211.140.154
313,Daron,Pullin,dpullin8o@ibm.com,Male,152.80.96.128
314,Geoffrey,Brislane,gbrislane8p@zdnet.com,Male,61.181.147.3
315,Titus,Curryer,tcurryer8q@guardian.co.uk,Male,201.167.175.163
316,Curcio,Baudinet,cbaudinet8r@usda.gov,Male,171.146.173.201
317,Carola,Cortez,ccortez8s@bravesites.com,Female,236.190.41.85
318,Alphard,Chick,achick8t@chicagotribune.com,Male,194.40.249.106
319,Zerk,Llorens,zllorens8u@xrea.com,Male,68.5.127.45
320,Charlotta,Padfield,cpadfield8v@gizmodo.com,Female,126.242.28.137
321,Desiree,Russe,drusse8w@dailymotion.com,Female,214.70.238.109
322,Dixie,Cissen,dcissen8x@fastcompany.com,Genderfluid,92.251.192.119
323,Rab,Alexandrescu,ralexandrescu8y@dot.gov,Male,67.190.99.50
324,Muire,Palk,mpalk8z@soundcloud.com,Female,5.33.66.29
325,Karlik,Andersch,kandersch90@naver.com,Male,159.89.200.223
326,Kiri,Stayte,kstayte91@addtoany.com,Female,167.18.187.197
327,Barry,Calken,bcalken92@upenn.edu,Female,246.247.76.15
328,Rowney,Swyndley,rswyndley93@reddit.com,Male,170.202.45.159
329,Britt,Fernier,bfernier94@github.io,Female,151.54.50.89
330,Gayel,Mathivon,gmathivon95@mlb.com,Female,219.107.84.11
331,Lela,Royan,lroyan96@google.de,Female,129.124.21.167
332,Vittorio,Doddemeede,vdoddemeede97@tiny.cc,Male,239.172.93.180
333,Clarance,Blaze,cblaze98@diigo.com,Male,92.39.232.229
334,Remington,Manthorpe,rmanthorpe99@goo.ne.jp,Non-binary,15.7.131.100
335,Antonina,Goldthorpe,agoldthorpe9a@ted.com,Female,159.56.28.140
336,Rebeka,McCurlye,rmccurlye9b@umn.edu,Female,189.60.72.77
337,Zia,Pagin,zpagin9c@youtu.be,Female,145.164.248.14
338,Jarret,Water,jwater9d@last.fm,Male,169.113.21.7
339,Meade,Stabler,mstabler9e@about.me,Male,57.242.17.176
340,Gayel,Barnsdale,gbarnsdale9f@hubpages.com,Female,95.81.97.166
341,Cecil,Arbuckel,carbuckel9g@spotify.com,Female,45.49.208.98
342,Ethelin,Kenny,ekenny9h@ftc.gov,Female,243.100.66.106
343,Tybie,Levison,tlevison9i@seattletimes.com,Female,253.80.27.240
344,Jerrome,Markey,jmarkey9j@ox.ac.uk,Bigender,113.239.236.215
345,Wolf,De Angelis,wdeangelis9k@techcrunch.com,Male,136.252.216.70
346,Rori,Carleman,rcarleman9l@phoca.cz,Female,222.17.57.33
347,Grissel,Roberds,groberds9m@wufoo.com,Genderqueer,96.83.185.124
348,Forster,O'Feeny,fofeeny9n@altervista.org,Male,89.43.224.240
349,Juliane,Darey,jdarey9o@google.co.jp,Female,140.232.164.92
350,Herbert,Skully,hskully9p@smugmug.com,Male,74.27.241.129
351,John,MacKnocker,jmacknocker9q@wunderground.com,Male,6.186.115.133
352,Leilah,Jobes,ljobes9r@mapquest.com,Female,44.222.67.158
353,Addie,Wile,awile9s@bbc.co.uk,Female,14.167.101.32
354,Leyla,Putnam,lputnam9t@w3.org,Female,210.12.206.157
355,Burr,Lambdean,blambdean9u@howstuffworks.com,Male,4.127.98.64
356,Emmerich,Vernazza,evernazza9v@yale.edu,Male,174.148.200.58
357,Ruthy,Lindemann,rlindemann9w@amazon.de,Female,36.102.56.65
358,Adi,Caban,acaban9x@scribd.com,Female,175.224.203.29
359,Ambrose,Maffy,amaffy9y@youtu.be,Male,230.84.7.40
360,Laurie,Reside,lreside9z@bbb.org,Male,145.167.144.62
361,Fidelio,O'Luby,folubya0@hibu.com,Male,23.61.32.70
362,Gaynor,Bodham,gbodhama1@google.nl,Female,103.233.140.27
363,Arvin,Kitchaside,akitchasidea2@topsy.com,Male,178.152.76.80
364,Wilfrid,Brookwood,wbrookwooda3@drupal.org,Male,191.70.19.155
365,Rene,Stanney,rstanneya4@livejournal.com,Male,201.116.242.27
366,Lothaire,Ianinotti,lianinottia5@wunderground.com,Genderqueer,117.30.29.195
367,Emanuel,Elfes,eelfesa6@simplemachines.org,Male,5.172.0.71
368,Anton,Knibley,aknibleya7@simplemachines.org,Male,199.14.225.53
369,Joli,Glasser,jglassera8@wordpress.com,Female,18.222.161.204
370,Noam,Shoobridge,nshoobridgea9@mac.com,Non-binary,164.179.52.31
371,Bobbette,Preddy,bpreddyaa@ft.com,Female,51.254.17.120
372,Fionna,Proffer,fprofferab@nba.com,Female,28.252.250.46
373,Dorella,Porker,dporkerac@hugedomains.com,Female,3.108.86.20
374,Norman,Willacot,nwillacotad@sun.com,Male,79.180.32.65
375,Katuscha,Ramas,kramasae@seesaa.net,Female,227.243.121.242
376,Shannen,Boast,sboastaf@sourceforge.net,Female,223.6.134.170
377,Dede,Brome,dbromeag@quantcast.com,Female,241.71.151.231
378,Kirstin,Reilinger,kreilingerah@bbc.co.uk,Female,13.110.76.163
379,Ada,Knevit,aknevitai@feedburner.com,Female,189.60.144.174
380,Huntington,McCumesky,hmccumeskyaj@reference.com,Male,238.136.148.174
381,Paulina,Abson,pabsonak@comcast.net,Female,129.86.101.187
382,Correy,Dysert,cdysertal@clickbank.net,Female,38.152.219.178
383,Gwendolin,Mioni,gmioniam@arstechnica.com,Female,228.255.230.25
384,Garwood,Orrum,gorruman@exblog.jp,Male,233.206.240.118
385,Meryl,Swannie,mswannieao@independent.co.uk,Male,232.116.43.230
386,Sholom,Jacobowitz,sjacobowitzap@vinaora.com,Genderfluid,219.125.215.125
387,Margret,Petrowsky,mpetrowskyaq@digg.com,Female,230.46.98.86
388,Pris,Wellan,pwellanar@phpbb.com,Female,91.25.53.62
389,Ainslie,Keogh,akeoghas@hostgator.com,Female,137.91.18.126
390,Melamie,Keay,mkeayat@macromedia.com,Female,120.182.38.86
391,Artemus,Littlejohn,alittlejohnau@feedburner.com,Genderqueer,235.17.174.232
392,Liane,McQuillin,lmcquillinav@zimbio.com,Female,221.24.130.59
393,Damon,Duddell,dduddellaw@1und1.de,Male,191.236.245.94
394,Saba,McTrustie,smctrustieax@ask.com,Female,242.220.40.143
395,Fidole,Barney,fbarneyay@chronoengine.com,Male,183.54.99.109
396,Hardy,Hazeldine,hhazeldineaz@skype.com,Male,114.85.7.49
397,Tony,Sowood,tsowoodb0@homestead.com,Male,164.238.35.108
398,Katinka,Parsand,kparsandb1@xing.com,Female,227.53.45.57
399,Stefano,Ferrers,sferrersb2@scribd.com,Male,63.241.76.213
400,Dusty,Pettingill,dpettingillb3@umn.edu,Female,213.38.50.42
401,Bondon,Baurerich,bbaurerichb4@over-blog.com,Male,59.127.189.53
402,Odetta,Grassi,ograssib5@auda.org.au,Female,99.66.114.156
403,Marcel,Gasson,mgassonb6@rediff.com,Male,130.85.206.175
404,Bertie,Halladey,bhalladeyb7@amazon.de,Male,47.248.121.250
405,Lothaire,McGilvray,lmcgilvrayb8@xing.com,Male,206.18.8.68
406,Say,Grimster,sgrimsterb9@soup.io,Agender,22.176.58.101
407,Ernesto,Tricker,etrickerba@dot.gov,Male,241.222.72.1
408,Austine,Dyson,adysonbb@google.com.br,Female,76.110.88.102
409,Ewell,Moat,emoatbc@ebay.com,Male,9.159.179.140
410,Antonietta,Quare,aquarebd@usnews.com,Bigender,78.254.253.119
411,Tully,Kenyam,tkenyambe@issuu.com,Male,176.132.250.49
412,Boyce,Mant,bmantbf@umich.edu,Male,250.112.222.140
413,Kahaleel,Timpany,ktimpanybg@ucoz.com,Male,25.181.223.32
414,Lowrance,Ancketill,lancketillbh@spotify.com,Male,243.179.246.104
415,Reggie,Cullum,rcullumbi@sciencedaily.com,Male,20.235.70.237
416,Andie,Fanning,afanningbj@wordpress.com,Female,119.165.23.74
417,Hyman,Hawkswell,hhawkswellbk@japanpost.jp,Male,144.89.74.96
418,Shirlee,Predohl,spredohlbl@canalblog.com,Female,127.60.243.75
419,Fielding,Streight,fstreightbm@time.com,Male,246.197.208.241
420,Nanete,Sherwin,nsherwinbn@exblog.jp,Female,192.66.42.58
421,Brocky,Lightbourne,blightbournebo@java.com,Male,103.109.60.88
422,Thaddeus,Derell,tderellbp@newyorker.com,Male,86.109.1.56
423,Tatiania,Robelow,trobelowbq@com.com,Female,130.118.231.117
424,Hobey,Jeckells,hjeckellsbr@t-online.de,Male,129.83.109.0
425,Anjanette,Carluccio,acarlucciobs@vkontakte.ru,Female,164.174.202.8
426,Viviana,Bellew,vbellewbt@usnews.com,Female,88.66.201.163
427,Jo-ann,Sturgess,jsturgessbu@nih.gov,Female,100.245.3.236
428,Dwain,Alldridge,dalldridgebv@opera.com,Male,18.229.136.43
429,Morrie,Jupp,mjuppbw@cbsnews.com,Male,8.220.76.211
430,Clemente,Cherry,ccherrybx@a8.net,Male,232.19.28.30
431,Vyky,Hardes,vhardesby@blogger.com,Female,126.44.103.176
432,Addi,Hercock,ahercockbz@fastcompany.com,Female,166.53.222.87
433,Durand,Camelli,dcamellic0@mlb.com,Male,0.98.208.173
434,Evvie,Filgate,efilgatec1@liveinternet.ru,Female,137.143.20.117
435,Cobbie,Fussell,cfussellc2@flavors.me,Male,166.156.0.122
436,Myrwyn,Owers,mowersc3@qq.com,Male,251.10.82.200
437,Emlyn,Melledy,emelledyc4@prweb.com,Genderqueer,198.156.233.98
438,Gerhard,Huddy,ghuddyc5@netlog.com,Male,172.5.65.142
439,Samantha,Pepall,spepallc6@networkadvertising.org,Female,100.42.86.67
440,Cos,Montfort,cmontfortc7@microsoft.com,Male,193.42.54.125
441,Britney,Androli,bandrolic8@gizmodo.com,Female,200.165.95.119
442,Brooks,Banke,bbankec9@webs.com,Male,134.151.106.160
443,Nahum,Van Oord,nvanoordca@xinhuanet.com,Male,34.62.177.172
444,Uriah,Mearing,umearingcb@bizjournals.com,Male,21.80.195.221
445,Dante,Casella,dcasellacc@vistaprint.com,Male,108.44.39.51
446,Cassy,Izen,cizencd@abc.net.au,Female,156.189.134.128
447,Nicoli,de Guise,ndeguisece@ft.com,Female,177.129.50.84
448,Kyle,Chung,kchungcf@rediff.com,Male,64.206.255.104
449,Desiri,McAllan,dmcallancg@weebly.com,Female,51.65.31.229
450,Alessandro,Stickford,astickfordch@vimeo.com,Male,204.211.172.248
451,Uri,Ginnally,uginnallyci@apple.com,Male,249.95.13.23
452,Rosabella,Walshaw,rwalshawcj@paypal.com,Female,55.166.184.211
453,Nial,Lake,nlakeck@hubpages.com,Male,144.188.194.140
454,Lorrie,Dahlen,ldahlencl@youtu.be,Male,9.101.249.211
455,Jeffry,Tellenbrok,jtellenbrokcm@mtv.com,Male,11.37.230.67
456,Ninetta,Hulk,nhulkcn@ft.com,Female,221.21.213.119
457,Antony,Humphris,ahumphrisco@mail.ru,Male,9.61.28.189
458,Trace,Rumford,trumfordcp@bloomberg.com,Male,122.248.170.67
459,Riki,Goodier,rgoodiercq@toplist.cz,Agender,141.234.29.103
460,Evered,Jankovic,ejankoviccr@sciencedaily.com,Male,60.52.66.168
461,Chlo,Wardlaw,cwardlawcs@disqus.com,Female,137.22.240.183
462,Rodger,Gumby,rgumbyct@ftc.gov,Male,23.190.107.46
463,Kelly,Semarke,ksemarkecu@exblog.jp,Female,196.60.93.146
464,Carlynn,Bucknall,cbucknallcv@rakuten.co.jp,Female,35.70.20.239
465,Budd,Dran,bdrancw@spotify.com,Male,103.70.72.194
466,Dodi,Duchart,dduchartcx@pen.io,Female,32.242.144.234
467,Coralie,Ivashinnikov,civashinnikovcy@dion.ne.jp,Female,23.165.180.27
468,Giordano,Walling,gwallingcz@usda.gov,Male,195.58.197.55
469,Bobbe,Marsham,bmarshamd0@blinklist.com,Female,3.210.163.204
470,Issi,Gabbitus,igabbitusd1@howstuffworks.com,Female,162.195.127.25
471,Sallie,Powder,spowderd2@people.com.cn,Female,223.117.65.40
472,Wren,Bleacher,wbleacherd3@ftc.gov,Female,181.47.102.94
473,Thedric,Gilhouley,tgilhouleyd4@washingtonpost.com,Male,60.20.18.12
474,Christen,Heugel,cheugeld5@istockphoto.com,Female,1.81.206.45
475,Dav,Bagguley,dbagguleyd6@wufoo.com,Male,100.224.81.132
476,Guenna,Rape,graped7@geocities.com,Female,206.4.196.217
477,Temp,Loadman,tloadmand8@vistaprint.com,Male,26.247.107.173
478,Ahmed,Slemming,aslemmingd9@de.vu,Male,218.191.188.39
479,Obadiah,Stanger,ostangerda@gnu.org,Male,105.112.23.245
480,Briggs,Bewick,bbewickdb@github.com,Male,25.67.43.134
481,Amelia,Paulin,apaulindc@studiopress.com,Female,134.103.192.27
482,Cris,Dicke,cdickedd@cdc.gov,Female,138.5.27.108
483,Kamila,Climar,kclimarde@reference.com,Female,189.55.73.150
484,Concordia,Brockett,cbrockettdf@soup.io,Female,209.118.82.102
485,Aleen,Airds,aairdsdg@amazonaws.com,Female,157.149.83.94
486,Wallas,Wickson,wwicksondh@cargocollective.com,Male,142.35.199.30
487,Agneta,Laurenson,alaurensondi@joomla.org,Female,104.206.255.16
488,Giuditta,Churms,gchurmsdj@sakura.ne.jp,Female,226.3.242.111
489,Trish,Turnell,tturnelldk@adobe.com,Female,44.67.26.223
490,Carmelle,Diack,cdiackdl@amazon.com,Female,103.174.69.160
491,Erika,Merveille,emerveilledm@wix.com,Female,86.70.145.200
492,Dewitt,Scholling,dschollingdn@psu.edu,Male,60.251.140.217
493,Mirabel,Oran,morando@fda.gov,Female,90.75.14.144
494,Briana,Staresmeare,bstaresmearedp@photobucket.com,Female,55.19.236.238
495,Ethelbert,Wishkar,ewishkardq@uiuc.edu,Male,213.73.169.89
496,Herbert,Anelay,hanelaydr@google.fr,Male,113.40.211.158
497,Rhea,Tschersich,rtschersichds@ycombinator.com,Polygender,116.82.20.224
498,Prentiss,Cristofari,pcristofaridt@comcast.net,Male,77.169.5.206
499,Joletta,Teresia,jteresiadu@goo.gl,Female,236.242.142.242
500,Jean,Euston,jeustondv@house.gov,Female,216.208.159.163
501,Cassius,Raspel,craspeldw@hc360.com,Male,83.143.207.66
502,Kania,O'Gleasane,kogleasanedx@blogger.com,Female,246.244.176.141
503,Shannen,Rapper,srapperdy@springer.com,Genderqueer,89.255.22.179
504,Kaspar,Drife,kdrifedz@4shared.com,Male,254.54.155.21
505,Rice,Jenney,rjenneye0@imdb.com,Male,85.211.159.179
506,Elmira,Marriott,emarriotte1@bloglines.com,Female,126.192.48.204
507,Kizzie,Hartle,khartlee2@soundcloud.com,Female,200.95.56.136
508,Westbrook,Croom,wcroome3@tmall.com,Male,1.168.205.213
509,Elle,Osgood,eosgoode4@51.la,Female,187.198.134.44
510,Oran,Carbett,ocarbette5@dmoz.org,Male,48.112.183.247
511,Beaufort,Cowlam,bcowlame6@admin.ch,Male,41.234.244.236
512,Helge,Collyer,hcollyere7@squarespace.com,Genderfluid,129.104.2.43
513,Sayer,Di Ruggero,sdiruggeroe8@loc.gov,Male,172.248.106.114
514,Filide,Kembrey,fkembreye9@ca.gov,Female,20.236.11.175
515,Augustine,Comrie,acomrieea@accuweather.com,Female,148.43.107.84
516,Anallise,Lindores,alindoreseb@sogou.com,Female,197.184.8.129
517,Karola,Bartlam,kbartlamec@narod.ru,Female,95.40.44.118
518,Clive,Fiske,cfiskeed@prnewswire.com,Male,42.9.158.157
519,Wash,MacCleay,wmaccleayee@ted.com,Male,131.117.135.43
520,Dael,Wakelin,dwakelinef@unblog.fr,Male,194.241.123.31
521,Judas,Snassell,jsnasselleg@feedburner.com,Male,176.39.243.171
522,Ferrel,Biswell,fbiswelleh@gravatar.com,Male,105.237.186.203
523,Suzie,Hastwell,shastwellei@abc.net.au,Female,200.126.75.159
524,Fidela,Linforth,flinforthej@mapquest.com,Female,45.1.105.162
525,Hurlee,Saulter,hsaulterek@sfgate.com,Male,152.1.207.82
526,Arda,Darinton,adarintonel@toplist.cz,Female,188.225.5.151
527,Griffith,Thomson,gthomsonem@time.com,Male,106.145.94.93
528,Rodge,Aronow,raronowen@scientificamerican.com,Male,118.208.1.161
529,Midge,Lombardo,mlombardoeo@topsy.com,Female,62.49.71.139
530,Trevor,Bonde,tbondeep@sciencedaily.com,Male,73.193.135.237
531,Guillermo,Dorn,gdorneq@home.pl,Male,10.21.82.11
532,Flemming,Mc Grath,fmcgrather@networkadvertising.org,Male,223.197.10.249
533,Chet,Bernardo,cbernardoes@google.cn,Male,162.45.179.29
534,Rodolphe,Fulham,rfulhamet@themeforest.net,Male,121.73.187.71
535,Peadar,Suscens,psuscenseu@e-recht24.de,Male,179.199.58.35
536,Cam,Lutman,clutmanev@hexun.com,Female,156.206.205.150
537,Gus,Giraldo,ggiraldoew@desdev.cn,Male,52.255.182.58
538,Stanislaus,Anyene,sanyeneex@nba.com,Male,137.52.152.144
539,Kyle,Wickmann,kwickmanney@free.fr,Male,28.27.226.104
540,Adara,Treleven,atrelevenez@harvard.edu,Female,93.60.198.227
541,Windham,Scahill,wscahillf0@blogtalkradio.com,Male,229.1.103.214
542,Giovanna,Jarrad,gjarradf1@sphinn.com,Female,163.149.229.147
543,Prince,Dibdale,pdibdalef2@uiuc.edu,Male,48.115.114.7
544,Rosette,Bruntjen,rbruntjenf3@uol.com.br,Female,8.162.177.8
545,Sela,Pinare,spinaref4@merriam-webster.com,Genderqueer,35.167.70.157
546,Anita,Fulleylove,afulleylovef5@japanpost.jp,Female,228.61.79.212
547,Rawley,Bullers,rbullersf6@paginegialle.it,Male,217.201.5.88
548,Rora,Abrahamsen,rabrahamsenf7@nature.com,Female,147.150.79.156
549,Leupold,Jencey,ljenceyf8@sogou.com,Non-binary,233.104.33.36
550,Maurene,Endrici,mendricif9@ameblo.jp,Female,161.162.192.126
551,Emmey,Morecombe,emorecombefa@networkadvertising.org,Female,84.111.59.12
552,Daffie,Gatman,dgatmanfb@princeton.edu,Female,9.129.255.226
553,Elmo,Winspear,ewinspearfc@time.com,Male,126.48.119.64
554,Christopher,De Giorgis,cdegiorgisfd@meetup.com,Male,101.175.112.221
555,Tilly,Mander,tmanderfe@statcounter.com,Female,79.51.151.17
556,Gil,Clemenceau,gclemenceauff@reuters.com,Male,169.87.26.26
557,Tilda,Kennerknecht,tkennerknechtfg@spotify.com,Genderqueer,138.195.134.73
558,Gilemette,Adess,gadessfh@foxnews.com,Non-binary,186.47.180.166
559,Pascal,Hooban,phoobanfi@devhub.com,Male,196.166.69.56
560,Dario,Cowx,dcowxfj@prweb.com,Male,207.34.15.187
561,Catriona,McCarroll,cmccarrollfk@skype.com,Female,254.101.19.26
562,Darnell,Leechman,dleechmanfl@a8.net,Male,165.202.35.253
563,Ingeberg,Parade,iparadefm@joomla.org,Female,70.66.177.224
564,Tuesday,Mapother,tmapotherfn@telegraph.co.uk,Female,66.175.120.18
565,Fabian,Boote,fbootefo@lulu.com,Male,120.223.247.65
566,Gilemette,Babidge,gbabidgefp@fc2.com,Female,45.79.43.20
567,Gabriello,Garrat,ggarratfq@vistaprint.com,Male,29.15.144.212
568,Mitchel,Inglefield,minglefieldfr@youtu.be,Male,136.85.194.23
569,Webster,Nafzger,wnafzgerfs@unesco.org,Male,26.252.117.39
570,Lindon,Aloshikin,laloshikinft@technorati.com,Male,146.113.132.75
571,Blondelle,Priditt,bpridittfu@freewebs.com,Female,248.126.40.14
572,Dalis,Stoneman,dstonemanfv@studiopress.com,Male,224.213.92.217
573,Elias,Chatwood,echatwoodfw@google.com.br,Male,42.40.153.22
574,Melli,Nattriss,mnattrissfx@earthlink.net,Female,40.195.246.202
575,Nathaniel,Rosenstein,nrosensteinfy@cbsnews.com,Male,30.129.54.216
576,Papagena,Strephan,pstrephanfz@newyorker.com,Female,126.18.242.210
577,Addie,Mullaney,amullaneyg0@is.gd,Male,40.254.108.195
578,Latia,Offer,lofferg1@abc.net.au,Female,45.210.224.185
579,Lisabeth,Daysh,ldayshg2@cbc.ca,Female,116.221.216.199
580,Sheffield,Medgewick,smedgewickg3@netlog.com,Male,254.181.134.129
581,Thebault,Dreinan,tdreinang4@opera.com,Male,64.18.173.56
582,Nanon,Brodest,nbrodestg5@washington.edu,Female,18.33.5.233
583,Wilhelm,Baroche,wbarocheg6@adobe.com,Male,232.104.149.94
584,Abbott,Liggens,aliggensg7@apache.org,Male,153.177.114.168
585,Merrill,Guntrip,mguntripg8@skype.com,Male,223.3.55.24
586,Sephira,Buddell,sbuddellg9@baidu.com,Female,105.47.109.25
587,Amabel,Szymaniak,aszymaniakga@elegantthemes.com,Female,201.246.114.91
588,Clementius,Keenlayside,ckeenlaysidegb@eventbrite.com,Male,152.190.51.89
589,Brendan,Bignold,bbignoldgc@tinyurl.com,Male,168.29.208.255
590,Tiebout,Habble,thabblegd@bigcartel.com,Male,108.177.70.13
591,Edita,Strangward,estrangwardge@webeden.co.uk,Female,37.123.113.186
592,Alaine,Exrol,aexrolgf@1688.com,Female,57.214.250.172
593,Chloe,Brosh,cbroshgg@posterous.com,Female,82.255.146.189
594,Peri,Crossingham,pcrossinghamgh@netscape.com,Genderfluid,99.235.249.48
595,Ferrell,Kunkler,fkunklergi@ovh.net,Male,164.203.80.231
596,Hilton,Snoxall,hsnoxallgj@wunderground.com,Male,4.5.109.90
597,Marcel,Pavier,mpaviergk@vinaora.com,Male,4.154.219.69
598,Zorine,Griffith,zgriffithgl@arstechnica.com,Polygender,201.236.243.99
599,Phebe,Spikeings,pspikeingsgm@fastcompany.com,Polygender,243.94.206.54
600,Pierce,Risbridger,prisbridgergn@google.co.uk,Male,62.235.179.35
601,Allegra,Killford,akillfordgo@nymag.com,Genderqueer,102.20.224.37
602,Aila,Bullers,abullersgp@who.int,Female,204.252.235.185
603,Henrietta,Fisbey,hfisbeygq@freewebs.com,Female,132.242.150.113
604,Tessie,Gerardet,tgerardetgr@freewebs.com,Female,4.174.113.169
605,Pearle,MacDearmont,pmacdearmontgs@tamu.edu,Female,234.162.66.5
606,Bernie,Aronowicz,baronowiczgt@tinypic.com,Male,124.179.137.35
607,Vassily,Ollerenshaw,vollerenshawgu@cdc.gov,Male,233.169.179.224
608,Latashia,Pomroy,lpomroygv@amazon.co.uk,Female,142.254.18.212
609,Alejoa,Cussons,acussonsgw@un.org,Male,43.166.180.0
610,Tully,Childrens,tchildrensgx@youtu.be,Male,94.162.169.126
611,Dale,Sancias,dsanciasgy@over-blog.com,Male,43.159.58.18
612,Veriee,Aslin,vaslingz@ezinearticles.com,Bigender,59.53.31.200
613,Delinda,Howie,dhowieh0@arstechnica.com,Female,61.16.99.127
614,Christopher,Mandres,cmandresh1@de.vu,Genderfluid,226.220.35.216
615,Tracie,Eickhoff,teickhoffh2@japanpost.jp,Male,68.62.46.35
616,Fowler,Brauninger,fbrauningerh3@aol.com,Male,203.144.47.88
617,Esme,Petrello,epetrelloh4@yahoo.co.jp,Male,54.50.130.90
618,Meyer,Dominico,mdominicoh5@senate.gov,Male,29.52.110.132
619,See,Vasin,svasinh6@last.fm,Male,83.190.170.12
620,Kincaid,Holbarrow,kholbarrowh7@google.ca,Male,158.99.254.156
621,Guido,Fearns,gfearnsh8@icq.com,Male,226.59.55.152
622,Rene,Backhouse,rbackhouseh9@hostgator.com,Polygender,229.48.197.229
623,Celestia,Summerlie,csummerlieha@jimdo.com,Female,47.119.147.121
624,Shanan,Catherick,scatherickhb@newsvine.com,Male,85.42.13.34
625,Pincas,Nelmes,pnelmeshc@accuweather.com,Genderqueer,80.63.134.146
626,Lillian,Pinner,lpinnerhd@slashdot.org,Female,0.41.179.32
627,Orly,Critch,ocritchhe@gravatar.com,Female,151.157.118.30
628,Eugenius,Seakin,eseakinhf@fastcompany.com,Bigender,74.134.36.33
629,Rosalinde,Balk,rbalkhg@princeton.edu,Female,242.11.79.215
630,Cristionna,Prium,cpriumhh@jiathis.com,Female,218.203.26.0
631,Kevin,Kenaway,kkenawayhi@who.int,Male,97.92.89.46
632,Dirk,Paddell,dpaddellhj@hubpages.com,Male,193.236.255.178
633,Free,Pasquale,fpasqualehk@rakuten.co.jp,Male,88.107.106.178
634,Vannie,Chellam,vchellamhl@theatlantic.com,Female,219.253.64.219
635,Camilla,Thewlis,cthewlishm@4shared.com,Female,122.116.188.101
636,Adelind,Margett,amargetthn@yandex.ru,Female,224.104.42.226
637,Monty,Brace,mbraceho@bluehost.com,Male,4.229.11.154
638,Sancho,Bernardo,sbernardohp@hc360.com,Male,62.133.215.37
639,Nahum,Bolin,nbolinhq@trellian.com,Male,81.210.231.1
640,Jacenta,Colecrough,jcolecroughhr@usa.gov,Female,39.103.212.65
641,Radcliffe,Sawtell,rsawtellhs@mozilla.org,Male,252.191.82.160
642,Mateo,Kynson,mkynsonht@mysql.com,Male,141.5.179.246
643,Gery,Grichukhin,ggrichukhinhu@admin.ch,Male,114.253.127.117
644,Rinaldo,Gascoine,rgascoinehv@nsw.gov.au,Agender,188.53.137.86
645,Tawnya,Pibsworth,tpibsworthhw@wired.com,Female,109.251.63.209
646,Reggi,Smallcomb,rsmallcombhx@behance.net,Female,18.247.3.50
647,Galvan,Menci,gmencihy@ted.com,Male,18.52.62.245
648,Claudia,Walasik,cwalasikhz@istockphoto.com,Female,209.186.7.5
649,Chrissie,Nation,cnationi0@pagesperso-orange.fr,Female,157.148.229.222
650,Guenna,Lammin,glammini1@tamu.edu,Female,239.218.130.22
651,Vasilis,Erdely,verdelyi2@xinhuanet.com,Male,174.157.237.214
652,Ellery,Leonardi,eleonardii3@shop-pro.jp,Male,114.166.124.198
653,Toni,Shay,tshayi4@jiathis.com,Female,2.229.242.149
654,Osmond,Jarret,ojarreti5@bravesites.com,Male,132.14.118.78
655,Sonnnie,Sibbit,ssibbiti6@imgur.com,Female,94.227.197.216
656,Tanhya,Gages,tgagesi7@cdc.gov,Female,97.134.161.41
657,Malachi,Mackett,mmacketti8@ucla.edu,Male,6.62.76.33
658,Robina,Tayloe,rtayloei9@examiner.com,Female,10.212.145.109
659,Putnam,Truggian,ptruggiania@godaddy.com,Male,70.154.76.253
660,Janeta,Willey,jwilleyib@google.it,Female,247.211.104.231
661,Janine,Bratt,jbrattic@yolasite.com,Female,236.9.197.184
662,Jobyna,Slafford,jslaffordid@hp.com,Female,145.29.55.33
663,Mellisa,Dahmke,mdahmkeie@cargocollective.com,Female,182.3.78.247
664,Mandy,Scrinage,mscrinageif@quantcast.com,Female,67.118.41.101
665,Courtney,Peche,cpecheig@yahoo.com,Male,135.31.103.131
666,Hillery,Reynold,hreynoldih@youku.com,Male,142.56.174.231
667,Cchaddie,Geater,cgeaterii@biblegateway.com,Male,171.139.8.82
668,Jacquetta,Garric,jgarricij@blog.com,Bigender,156.175.159.97
669,Lucinda,Grayston,lgraystonik@amazonaws.com,Female,167.111.130.216
670,Tarrance,Chuter,tchuteril@blogs.com,Male,26.224.83.167
671,Gabi,Kivits,gkivitsim@elpais.com,Female,35.123.115.160
672,Viki,Sickling,vsicklingin@sitemeter.com,Female,216.178.155.104
673,Faythe,Domenico,fdomenicoio@shop-pro.jp,Female,82.229.39.215
674,Bret,Bandt,bbandtip@wikispaces.com,Male,112.133.125.42
675,Leigh,Muffin,lmuffiniq@scribd.com,Female,107.215.96.142
676,Susette,Valentetti,svalentettiir@cnbc.com,Female,146.114.80.8
677,Elizabet,Farmloe,efarmloeis@cloudflare.com,Agender,138.255.100.246
678,Bearnard,Cousen,bcousenit@sfgate.com,Male,13.230.16.98
679,Gregg,Louden,gloudeniu@odnoklassniki.ru,Male,109.41.253.61
680,Filbert,Jirusek,fjirusekiv@slideshare.net,Genderqueer,158.2.159.12
681,Kathi,Smitten,ksmitteniw@ebay.com,Female,195.77.28.140
682,Larissa,Donnersberg,ldonnersbergix@goo.gl,Female,18.199.56.234
683,Nolan,Hestrop,nhestropiy@psu.edu,Male,214.50.92.24
684,Bliss,Chomicki,bchomickiiz@dagondesign.com,Bigender,30.179.7.194
685,Rafael,Vyvyan,rvyvyanj0@addthis.com,Male,208.43.19.37
686,Joyce,Lewinton,jlewintonj1@va.gov,Female,182.132.239.251
687,Ame,Borer,aborerj2@marketwatch.com,Female,181.240.153.102
688,Rudolfo,Baff,rbaffj3@ted.com,Male,196.221.58.194
689,Lynnett,Iacovaccio,liacovaccioj4@zimbio.com,Female,84.39.176.111
690,Pietra,Lesly,pleslyj5@howstuffworks.com,Female,35.25.3.141
691,Brodie,Greenier,bgreenierj6@msu.edu,Male,125.189.213.218
692,Lamar,Durling,ldurlingj7@mapquest.com,Male,93.7.32.85
693,Paolina,Dabes,pdabesj8@prlog.org,Female,51.27.33.133
694,Bradley,McAdam,bmcadamj9@mediafire.com,Male,55.196.75.20
695,Billie,Da Costa,bdacostaja@gov.uk,Female,165.206.79.190
696,Desirae,Kennefick,dkennefickjb@google.fr,Female,13.226.71.253
697,Edithe,Tinan,etinanjc@mozilla.com,Female,191.32.9.146
698,Bryant,Paskell,bpaskelljd@e-recht24.de,Male,137.35.28.78
699,Mandy,Blackham,mblackhamje@google.es,Female,89.242.133.102
700,Emery,Muncie,emunciejf@techcrunch.com,Male,51.153.175.131
701,Janith,Braunroth,jbraunrothjg@over-blog.com,Female,253.202.229.161
702,Ramonda,Cahalan,rcahalanjh@smugmug.com,Female,225.197.233.218
703,Kinna,Pariso,kparisoji@ustream.tv,Female,133.23.168.242
704,Jeniece,Bertolaccini,jbertolaccinijj@nasa.gov,Female,43.206.186.19
705,Kirk,Beckles,kbecklesjk@cargocollective.com,Male,147.253.198.180
706,Suki,Poynzer,spoynzerjl@dailymail.co.uk,Female,149.88.234.41
707,Maynard,Daingerfield,mdaingerfieldjm@cocolog-nifty.com,Male,178.39.100.143
708,Elle,Ughi,eughijn@ca.gov,Female,94.20.3.132
709,Ferdinande,Seger,fsegerjo@webeden.co.uk,Female,41.62.11.21
710,Missie,Blessed,mblessedjp@pagesperso-orange.fr,Female,186.166.175.255
711,Cherri,Noteyoung,cnoteyoungjq@nsw.gov.au,Female,196.141.88.115
712,Rosalia,Warrick,rwarrickjr@bravesites.com,Female,19.124.248.230
713,Davita,Manicomb,dmanicombjs@house.gov,Female,199.171.253.48
714,Blakeley,Fredson,bfredsonjt@bizjournals.com,Female,27.152.12.3
715,Sherm,Monni,smonniju@about.me,Male,29.164.163.234
716,Mendie,Goneau,mgoneaujv@ca.gov,Male,120.169.180.171
717,Jamil,Blanchet,jblanchetjw@desdev.cn,Male,211.97.147.248
718,Pyotr,Dennett,pdennettjx@fema.gov,Male,7.121.223.9
719,Melania,Dolling,mdollingjy@dion.ne.jp,Female,187.23.10.16
720,Rafferty,Kimm,rkimmjz@google.de,Male,156.197.142.118
721,Laurene,Gomby,lgombyk0@twitter.com,Female,59.139.185.171
722,Dylan,Sicely,dsicelyk1@tripadvisor.com,Male,33.38.32.192
723,Minny,Wann,mwannk2@tiny.cc,Female,224.159.228.240
724,Phillipp,Dumbare,pdumbarek3@aol.com,Male,0.236.45.81
725,Pen,Mecco,pmeccok4@icq.com,Female,172.112.32.93
726,Tome,Leall,tleallk5@apache.org,Male,108.172.88.8
727,Thurstan,Kleiser,tkleiserk6@census.gov,Male,71.30.173.198
728,Filide,Compson,fcompsonk7@prnewswire.com,Female,2.141.11.115
729,Marthe,Alvares,malvaresk8@usgs.gov,Female,203.168.58.250
730,Bax,Pedder,bpedderk9@theatlantic.com,Male,252.145.59.19
731,Ignacius,Bowley,ibowleyka@barnesandnoble.com,Male,82.110.97.221
732,Morgan,Haggerstone,mhaggerstonekb@sohu.com,Female,254.93.193.42
733,Josh,Blankett,jblankettkc@bizjournals.com,Male,62.67.255.134
734,Lilias,Sancto,lsanctokd@vkontakte.ru,Female,2.55.155.168
735,Dorri,Jennaroy,djennaroyke@wp.com,Female,76.96.41.198
736,Lexie,Stillert,lstillertkf@google.fr,Female,221.159.162.78
737,Freda,Isaq,fisaqkg@unicef.org,Female,223.98.60.118
738,Giulietta,Maddams,gmaddamskh@example.com,Female,150.22.144.192
739,Richard,Cullimore,rcullimoreki@yelp.com,Male,9.182.93.73
740,Shepherd,Parzizek,sparzizekkj@cbsnews.com,Male,164.230.72.194
741,Torie,Earle,tearlekk@economist.com,Female,47.7.19.144
742,Randie,Freestone,rfreestonekl@ed.gov,Non-binary,144.8.177.28
743,Otes,Stinchcombe,ostinchcombekm@bravesites.com,Male,147.125.145.70
744,Euell,Corssen,ecorssenkn@cnbc.com,Male,141.87.99.240
745,Eryn,Gutherson,eguthersonko@narod.ru,Female,117.63.132.38
746,Olivier,Astell,oastellkp@netscape.com,Male,145.213.28.137
747,Anna-maria,Curphey,acurpheykq@squarespace.com,Female,133.249.8.120
748,Arty,Giberd,agiberdkr@blogtalkradio.com,Agender,239.38.227.44
749,Barnett,Lambal,blambalks@accuweather.com,Male,116.28.16.56
750,Anita,Ogelsby,aogelsbykt@woothemes.com,Female,81.10.177.66
751,Ring,De Lorenzo,rdelorenzoku@google.cn,Male,207.6.60.91
752,Evered,Kilsby,ekilsbykv@sina.com.cn,Male,60.247.209.138
753,Fionna,Kluss,fklusskw@blogtalkradio.com,Female,78.56.159.194
754,Sigfrid,Sextie,ssextiekx@fema.gov,Male,4.186.193.59
755,Vivi,Benedyktowicz,vbenedyktowiczky@moonfruit.com,Female,224.82.43.218
756,Monah,Bolduc,mbolduckz@stumbleupon.com,Genderfluid,143.38.178.48
757,Stefania,Gofforth,sgofforthl0@digg.com,Female,182.44.253.239
758,Norrie,Clubley,nclubleyl1@cbsnews.com,Male,209.204.106.192
759,Kenton,Letty,klettyl2@bravesites.com,Male,205.67.25.39
760,Arvin,Chrippes,achrippesl3@businesswire.com,Male,178.161.196.234
761,Addia,Lant,alantl4@networksolutions.com,Female,218.50.191.115
762,Pace,Woodyer,pwoodyerl5@hatena.ne.jp,Male,157.219.50.138
763,Maurise,Gantlett,mgantlettl6@wordpress.org,Female,18.173.145.222
764,Cam,Epsly,cepslyl7@columbia.edu,Male,22.166.69.229
765,Alvy,Lumbers,alumbersl8@mozilla.org,Male,194.48.19.108
766,Coral,Talby,ctalbyl9@umich.edu,Bigender,25.9.212.107
767,Adham,Fone,afonela@sitemeter.com,Male,146.252.78.129
768,Brucie,Witty,bwittylb@nih.gov,Male,103.19.187.140
769,Nanete,Srawley,nsrawleylc@sitemeter.com,Non-binary,255.8.96.88
770,Arlina,Moulton,amoultonld@4shared.com,Female,64.63.144.197
771,Murdock,Meddows,mmeddowsle@tmall.com,Male,7.158.2.128
772,Eliot,Juett,ejuettlf@indiatimes.com,Agender,253.112.3.210
773,Dierdre,Streeting,dstreetinglg@dedecms.com,Female,239.219.154.180
774,Conni,Roo,croolh@1688.com,Female,160.196.96.255
775,Brigitte,MacKegg,bmackeggli@nyu.edu,Female,162.81.197.45
776,Halsy,Rosin,hrosinlj@ftc.gov,Male,25.147.141.188
777,Berta,MacCaffery,bmaccafferylk@livejournal.com,Female,5.196.91.181
778,Gael,Martinon,gmartinonll@google.nl,Male,88.62.114.189
779,Hugibert,McGarvie,hmcgarvielm@abc.net.au,Male,123.166.209.142
780,Katuscha,Pays,kpaysln@mtv.com,Female,220.48.107.88
781,Maggie,Duffer,mdufferlo@chronoengine.com,Female,234.13.27.24
782,Mirella,Arp,marplp@sbwire.com,Female,239.190.6.238
783,Jobie,Guilloux,jguillouxlq@biglobe.ne.jp,Female,2.16.156.142
784,Spence,Donaway,sdonawaylr@gov.uk,Male,70.175.50.95
785,Eugene,Margett,emargettls@weather.com,Male,116.29.72.110
786,Hewet,Heyworth,hheyworthlt@springer.com,Male,226.151.199.160
787,Pate,Lode,plodelu@scribd.com,Polygender,192.21.226.219
788,Jasmine,Colgrave,jcolgravelv@time.com,Female,42.203.32.6
789,Puff,Bickley,pbickleylw@usda.gov,Male,213.9.243.241
790,Hans,Pennycook,hpennycooklx@altervista.org,Male,198.35.125.196
791,Ahmad,Moughtin,amoughtinly@lulu.com,Male,15.233.91.85
792,Pascal,Boncoeur,pboncoeurlz@si.edu,Male,160.99.212.73
793,Avery,Holme,aholmem0@storify.com,Male,49.230.209.9
794,Brendon,Ridges,bridgesm1@ucoz.com,Male,156.57.167.189
795,Ludovico,Itzhayek,litzhayekm2@joomla.org,Male,28.229.92.82
796,Val,Hellikes,vhellikesm3@weebly.com,Male,118.139.109.221
797,Alexina,Vondra,avondram4@ask.com,Female,14.0.198.123
798,Terence,Viccary,tviccarym5@ehow.com,Male,154.65.21.202
799,Marika,McKevin,mmckevinm6@china.com.cn,Female,163.16.224.77
800,Cammy,Danneil,cdanneilm7@hatena.ne.jp,Female,94.32.94.59
801,Faunie,Barnett,fbarnettm8@sphinn.com,Female,251.234.219.143
802,Danila,Grichukhanov,dgrichukhanovm9@sourceforge.net,Female,49.18.208.228
803,Regina,Bernardet,rbernardetma@ed.gov,Female,225.215.128.67
804,Sidonnie,Trodd,stroddmb@unicef.org,Female,171.68.108.140
805,Ambrosius,Scatcher,ascatchermc@naver.com,Male,63.118.174.57
806,Mickey,Wigfall,mwigfallmd@instagram.com,Male,209.200.203.29
807,Tadd,Artz,tartzme@tuttocitta.it,Male,151.164.215.245
808,Hazel,Shankle,hshanklemf@ustream.tv,Male,209.9.144.153
809,Lief,Brelsford,lbrelsfordmg@qq.com,Male,85.84.89.128
810,Gard,Bleesing,gbleesingmh@delicious.com,Male,70.105.106.26
811,Casandra,Mesias,cmesiasmi@sakura.ne.jp,Female,166.116.46.235
812,Yasmin,Aumerle,yaumerlemj@weather.com,Female,80.181.171.35
813,Jessie,Garrett,jgarrettmk@uol.com.br,Male,213.174.227.47
814,Graehme,Newbatt,gnewbattml@ibm.com,Male,100.246.77.189
815,Archibold,Linneman,alinnemanmm@comcast.net,Male,215.211.27.247
816,Kaine,Daveran,kdaveranmn@admin.ch,Genderqueer,237.216.141.44
817,Bonnie,Garett,bgarettmo@pbs.org,Female,155.176.144.133
818,Orlan,Macknish,omacknishmp@usatoday.com,Male,76.156.19.201
819,Beck,Nickless,bnicklessmq@myspace.com,Male,224.202.206.214
820,Yancy,Markwick,ymarkwickmr@umich.edu,Male,23.238.201.76
821,Toby,Buckland,tbucklandms@go.com,Male,11.153.122.14
822,Whitman,Bracci,wbraccimt@uol.com.br,Male,242.128.68.63
823,Van,Cops,vcopsmu@craigslist.org,Female,95.112.50.145
824,Dita,Gosz,dgoszmv@china.com.cn,Female,222.253.170.246
825,Hakim,Lawden,hlawdenmw@hc360.com,Male,184.162.211.246
826,Meg,Nolleth,mnollethmx@reverbnation.com,Non-binary,11.10.221.179
827,Fidel,McNeilly,fmcneillymy@sogou.com,Male,186.156.41.79
828,Alford,Dacca,adaccamz@mlb.com,Male,51.90.9.254
829,Marlee,Konerding,mkonerdingn0@github.com,Female,211.132.220.161
830,Stewart,Ondra,sondran1@sogou.com,Male,221.243.226.31
831,Findlay,Quigley,fquigleyn2@cdc.gov,Male,49.163.121.68
832,Johanna,Spary,jsparyn3@techcrunch.com,Genderqueer,46.97.176.165
833,Dani,Jerome,djeromen4@tripadvisor.com,Female,92.115.239.142
834,Nollie,Deehan,ndeehann5@ask.com,Male,36.115.24.155
835,Ketti,Mityukov,kmityukovn6@ucoz.com,Female,78.199.205.159
836,Arvin,Hymor,ahymorn7@twitpic.com,Bigender,174.83.140.254
837,Lisa,Eite,leiten8@washington.edu,Female,225.205.205.90
838,Wilfrid,Dumingo,wdumingon9@odnoklassniki.ru,Male,39.12.49.139
839,Alleen,Comar,acomarna@cmu.edu,Female,37.154.94.11
840,Kristan,Ethington,kethingtonnb@gmpg.org,Female,223.136.30.143
841,Rhys,Fairtlough,rfairtloughnc@bloomberg.com,Non-binary,168.105.187.117
842,Anna,Abrahams,aabrahamsnd@barnesandnoble.com,Genderfluid,69.5.162.225
843,Jasun,Roney,jroneyne@a8.net,Male,212.224.74.254
844,Raul,Garnul,rgarnulnf@stumbleupon.com,Male,162.219.80.184
845,Sigismundo,O'Currine,socurrineng@nsw.gov.au,Male,24.227.107.129
846,Marcille,Tinkham,mtinkhamnh@alexa.com,Female,23.160.254.160
847,Malinda,Kilmister,mkilmisterni@liveinternet.ru,Female,118.212.56.70
848,Cale,Wakeman,cwakemannj@amazon.de,Male,114.189.254.129
849,Drucy,Sanchiz,dsanchiznk@washingtonpost.com,Female,159.103.171.179
850,Jannel,Ferres,jferresnl@cmu.edu,Female,118.159.210.10
851,Pennie,Warren,pwarrennm@cam.ac.uk,Female,89.9.12.92
852,Travers,Errington,terringtonnn@hubpages.com,Male,250.107.36.93
853,Pansie,Maine,pmaineno@jigsy.com,Female,218.102.205.1
854,Ericha,McKinie,emckinienp@ucsd.edu,Female,144.181.109.5
855,Ebenezer,Milland,emillandnq@pinterest.com,Male,198.111.43.143
856,Geri,Feehery,gfeeherynr@toplist.cz,Male,114.4.30.104
857,Corey,Cheverell,ccheverellns@wired.com,Female,6.23.64.199
858,Myrle,Leban,mlebannt@dedecms.com,Female,219.90.166.35
859,Diandra,Colton,dcoltonnu@gravatar.com,Female,36.30.121.62
860,Rollin,Cuddehy,rcuddehynv@wiley.com,Male,121.161.211.229
861,Randell,Colman,rcolmannw@independent.co.uk,Male,71.64.57.126
862,Linoel,Chanders,lchandersnx@si.edu,Male,122.229.203.6
863,Jae,Dziwisz,jdziwiszny@51.la,Male,142.7.94.120
864,Brianna,Hadley,bhadleynz@aboutads.info,Female,224.36.48.228
865,Letti,Robson,lrobsono0@netlog.com,Female,191.128.212.227
866,Griswold,Cousans,gcousanso1@irs.gov,Male,70.26.219.38
867,Michel,Mose,mmoseo2@army.mil,Male,31.248.160.20
868,Flinn,Audritt,faudritto3@dot.gov,Male,165.183.44.44
869,Myles,Fosdick,mfosdicko4@canalblog.com,Male,175.215.110.61
870,Cammy,Diggell,cdiggello5@4shared.com,Male,248.245.167.137
871,Waite,Clemensen,wclemenseno6@businessinsider.com,Male,127.2.30.194
872,Kevyn,Glowach,kglowacho7@uol.com.br,Female,215.199.212.240
873,Neall,Lortzing,nlortzingo8@dot.gov,Male,55.191.164.58
874,Mac,Porter,mportero9@google.cn,Male,251.66.187.80
875,Tanitansy,Cottis,tcottisoa@abc.net.au,Female,170.54.124.90
876,Matthaeus,Nealy,mnealyob@feedburner.com,Genderqueer,165.195.125.27
877,Clim,Huckel,chuckeloc@dyndns.org,Non-binary,172.255.162.121
878,Selestina,Demcik,sdemcikod@gravatar.com,Female,31.119.144.196
879,Leonora,Jurasek,ljurasekoe@mlb.com,Female,19.76.81.137
880,Alec,Dossett,adossettof@sciencedirect.com,Male,207.81.59.75
881,Tyrone,Jacquest,tjacquestog@bigcartel.com,Male,36.92.75.16
882,Ludovico,Shuttleworth,lshuttleworthoh@vkontakte.ru,Male,9.94.30.223
883,Cullen,Hartigan,chartiganoi@slideshare.net,Male,227.157.139.29
884,Durward,Cato,dcatooj@unicef.org,Agender,222.27.15.97
885,Emmey,Meadway,emeadwayok@baidu.com,Female,177.28.145.225
886,Dyann,Flear,dflearol@cnn.com,Female,143.198.253.194
887,Tobin,Janton,tjantonom@army.mil,Male,48.190.233.163
888,Inez,Spore,isporeon@bluehost.com,Female,216.63.234.113
889,Wilma,Betjeman,wbetjemanoo@shareasale.com,Female,136.62.71.184
890,Harmonia,Whardley,hwhardleyop@ehow.com,Female,235.136.244.11
891,Zelda,Rizzotto,zrizzottooq@miitbeian.gov.cn,Female,107.204.64.175
892,Remy,Bramsom,rbramsomor@angelfire.com,Female,149.196.158.181
893,Kain,Janjic,kjanjicos@china.com.cn,Male,25.87.202.167
894,Norris,Matus,nmatusot@marriott.com,Male,118.211.107.32
895,Debee,Michin,dmichinou@fc2.com,Female,39.19.249.241
896,Shannon,Tippin,stippinov@chronoengine.com,Male,98.58.159.104
897,Martino,Anthes,manthesow@pen.io,Genderqueer,120.174.28.107
898,Heida,Siddens,hsiddensox@behance.net,Non-binary,37.254.173.220
899,Stephenie,Cowap,scowapoy@timesonline.co.uk,Female,24.109.225.255
900,Dieter,Sayburn,dsayburnoz@wikimedia.org,Male,106.246.178.115
901,Matteo,Nurny,mnurnyp0@bbc.co.uk,Male,212.253.76.0
902,Farrell,Habben,fhabbenp1@samsung.com,Male,233.121.139.142
903,Garrott,Alelsandrowicz,galelsandrowiczp2@chron.com,Male,192.12.197.239
904,Ella,Schaffler,eschafflerp3@phpbb.com,Female,112.226.117.126
905,Bruis,Mabbett,bmabbettp4@google.ru,Male,105.235.233.242
906,Margarita,Bovis,mbovisp5@engadget.com,Female,110.43.173.199
907,Veradis,Purle,vpurlep6@friendfeed.com,Female,114.155.152.135
908,Ricky,Curless,rcurlessp7@discovery.com,Female,43.182.213.240
909,Kelsey,Colvie,kcolviep8@unc.edu,Female,78.136.186.140
910,Ninon,Saladine,nsaladinep9@dedecms.com,Female,188.23.249.79
911,Ola,Tompion,otompionpa@facebook.com,Female,179.143.55.40
912,Alyson,Bamlett,abamlettpb@multiply.com,Female,239.22.78.4
913,Nikolaos,Skelington,nskelingtonpc@examiner.com,Male,140.252.16.17
914,Lisabeth,Clapp,lclapppd@princeton.edu,Female,56.182.130.97
915,Olympe,Sawart,osawartpe@people.com.cn,Female,215.91.209.245
916,Camille,Smallcombe,csmallcombepf@wordpress.com,Female,247.200.242.175
917,Duane,Flaunders,dflaunderspg@pagesperso-orange.fr,Male,239.6.127.232
918,Marcellina,Rentelll,mrentelllph@canalblog.com,Female,117.132.245.40
919,Millisent,Jandel,mjandelpi@themeforest.net,Female,246.31.130.13
920,Sisely,Surtees,ssurteespj@whitehouse.gov,Female,193.170.9.119
921,Evanne,Lettice,eletticepk@seattletimes.com,Female,83.187.217.181
922,Sherwynd,Dammarell,sdammarellpl@webnode.com,Male,171.43.79.99
923,Zarla,Surplice,zsurplicepm@berkeley.edu,Female,177.211.181.176
924,Karel,Dewis,kdewispn@ucsd.edu,Female,79.135.20.49
925,Cassandry,Costall,ccostallpo@about.me,Female,106.161.32.155
926,Rosene,Ringsell,rringsellpp@360.cn,Female,181.54.208.158
927,Georgi,Whiskerd,gwhiskerdpq@upenn.edu,Male,182.78.11.26
928,Nico,Mollen,nmollenpr@goodreads.com,Male,6.96.153.243
929,Jennifer,Maharey,jmahareyps@businessinsider.com,Agender,151.216.161.222
930,Mariska,Hardingham,mhardinghampt@yandex.ru,Female,83.104.46.135
931,Antonin,Cutajar,acutajarpu@blogtalkradio.com,Male,117.121.70.123
932,Sherwynd,Searchfield,ssearchfieldpv@slideshare.net,Male,10.249.237.13
933,Leanora,Franzini,lfranzinipw@tinyurl.com,Female,55.22.244.62
934,Gavra,Witherden,gwitherdenpx@artisteer.com,Female,254.80.220.230
935,Travus,Brolly,tbrollypy@tumblr.com,Genderfluid,28.151.64.24
936,Ferdinand,Meagher,fmeagherpz@webmd.com,Bigender,38.228.30.2
937,Donnie,Koppeck,dkoppeckq0@businesswire.com,Male,163.184.235.182
938,Sandra,Guiot,sguiotq1@soundcloud.com,Female,51.139.142.211
939,Wolf,Taylder,wtaylderq2@parallels.com,Male,29.171.136.119
940,Karel,MacGiffin,kmacgiffinq3@bandcamp.com,Female,27.151.232.164
941,Adoree,Lintill,alintillq4@theguardian.com,Female,114.97.89.30
942,Emelita,Puddefoot,epuddefootq5@businesswire.com,Female,176.222.29.234
943,Ranice,Kumar,rkumarq6@msn.com,Female,30.47.21.135
944,Cristobal,Charon,ccharonq7@smugmug.com,Male,171.148.232.247
945,Lin,Readitt,lreadittq8@usda.gov,Female,57.161.121.76
946,Janenna,Manoch,jmanochq9@wired.com,Female,179.46.174.102
947,Bartholomeus,Ygou,bygouqa@sina.com.cn,Male,26.3.32.149
948,Marlo,Gehringer,mgehringerqb@sourceforge.net,Male,194.21.49.218
949,Alaric,De Matteis,adematteisqc@bloglines.com,Male,120.5.160.102
950,Ulrike,Glayzer,uglayzerqd@prnewswire.com,Female,151.114.16.113
951,Nanci,Knoller,nknollerqe@studiopress.com,Female,153.159.173.21
952,Tirrell,Dobell,tdobellqf@miibeian.gov.cn,Male,65.229.16.14
953,Donalt,Dreinan,ddreinanqg@irs.gov,Male,65.231.163.93
954,Phylis,Osmant,posmantqh@fema.gov,Female,150.198.249.158
955,Susan,Scottrell,sscottrellqi@gizmodo.com,Female,207.176.200.3
956,Conrad,Frances,cfrancesqj@umich.edu,Male,221.201.191.104
957,Sheelagh,Vearnals,svearnalsqk@oaic.gov.au,Female,91.73.242.108
958,Marie-ann,Castiglioni,mcastiglioniql@blogs.com,Female,99.120.8.243
959,Valentina,Weiner,vweinerqm@ucla.edu,Female,19.119.45.94
960,Dominic,Leathart,dleathartqn@engadget.com,Male,184.78.1.147
961,Padgett,Sinderson,psindersonqo@google.de,Male,71.152.187.218
962,Meryl,Piatek,mpiatekqp@constantcontact.com,Male,199.86.193.70
963,Yolanthe,Kenyon,ykenyonqq@marketwatch.com,Female,147.124.247.139
964,Essie,Nelligan,enelliganqr@omniture.com,Female,197.125.103.226
965,Claudine,Ganforthe,cganfortheqs@mediafire.com,Female,49.253.154.210
966,Papageno,Goddert.sf,pgoddertsfqt@gnu.org,Male,179.114.62.5
967,Lilly,Casino,lcasinoqu@europa.eu,Female,82.115.160.125
968,Ximenez,St. Clair,xstclairqv@gnu.org,Male,220.90.167.136
969,Theodoric,Lippini,tlippiniqw@blogger.com,Male,138.177.65.203
970,Cornall,Platfoot,cplatfootqx@unesco.org,Male,248.219.240.146
971,Rolph,Leer,rleerqy@liveinternet.ru,Male,195.83.233.181
972,Cody,Cleworth,ccleworthqz@eventbrite.com,Female,128.247.254.252
973,Tomaso,Jacob,tjacobr0@uol.com.br,Male,55.137.46.29
974,Brier,Pavlasek,bpavlasekr1@spiegel.de,Female,6.128.127.4
975,Ginnie,Kennham,gkennhamr2@wordpress.com,Female,42.223.64.163
976,Arnoldo,Propper,apropperr3@npr.org,Male,252.139.220.95
977,Godfrey,Rundall,grundallr4@mysql.com,Male,208.21.214.100
978,Benedikta,Pourvoieur,bpourvoieurr5@elpais.com,Female,197.242.241.244
979,Gill,Slimming,gslimmingr6@google.com.br,Male,230.245.155.55
980,Donovan,Gallego,dgallegor7@163.com,Male,12.182.44.224
981,Percival,Dunseath,pdunseathr8@fc2.com,Male,92.217.20.126
982,Alverta,Vittle,avittler9@goo.ne.jp,Agender,96.170.80.48
983,Tirrell,Beloe,tbeloera@bbc.co.uk,Genderfluid,181.189.54.135
984,Tandie,Ayscough,tayscoughrb@rediff.com,Female,41.249.229.66
985,Foss,Davidsohn,fdavidsohnrc@google.de,Male,236.194.54.110
986,Tamar,Aylesbury,taylesburyrd@wikimedia.org,Female,120.191.57.171
987,Skelly,Nairn,snairnre@apache.org,Bigender,246.219.242.72
988,Tommy,Bourhill,tbourhillrf@craigslist.org,Male,191.153.111.251
989,Brody,Collete,bcolleterg@apple.com,Male,224.223.157.240
990,Clemente,Gunston,cgunstonrh@marketwatch.com,Male,225.41.49.233
991,Monty,Paynter,mpaynterri@census.gov,Male,227.10.3.26
992,Kaila,Goranov,kgoranovrj@sitemeter.com,Female,2.0.13.132
993,Hyacinthe,Pyner,hpynerrk@amazon.co.jp,Genderfluid,250.132.106.206
994,Drusilla,Lagen,dlagenrl@adobe.com,Female,175.217.222.153
995,Portia,Wearden,pweardenrm@time.com,Female,176.175.187.251
996,Augustin,Debill,adebillrn@simplemachines.org,Male,45.179.245.103
997,Clarette,Kepling,ckeplingro@blogs.com,Genderqueer,194.46.85.53
998,Tades,Rosel,troselrp@nih.gov,Male,83.235.66.72
999,Clywd,Thalmann,cthalmannrq@unesco.org,Male,131.74.49.106
1000,Jere,Chatt,jchattrr@patch.com,Female,231.141.40.196
